<?xml version="1.0" encoding="utf-8"?>
<extension type="module" version="2.5" client="site" method="upgrade">
    <name>MOD_BOOTSTRAP_ACCORDIONMENU_TITLE</name>
    <author>Jisse Reitsma (Yireo)</author>
    <creationDate>April 2013</creationDate>
    <copyright>Copyright (C) yireo.com All rights reserved.</copyright>
    <license>GNU General Public License version 3 or later</license>
    <authorEmail>jisse@yireo.com</authorEmail>
    <authorUrl>www.yireo.com</authorUrl>
    <version>1.0.6</version>
    <description>MOD_BOOTSTRAP_ACCORDIONMENU_DESC</description>

    <files>
        <filename module="mod_bootstrap_accordionmenu">mod_bootstrap_accordionmenu.php</filename>
        <folder>tmpl</folder>
        <filename>helper.php</filename>
        <filename>index.html</filename>
        <filename>mod_bootstrap_accordionmenu.xml</filename>
    </files>

    <media folder="media">
        <folder>mod_bootstrap_accordionmenu</folder>
    </media>

    <languages>
        <language tag="en-GB">en-GB.mod_bootstrap_accordionmenu.ini</language>
        <language tag="en-GB">en-GB.mod_bootstrap_accordionmenu.sys.ini</language>
    </languages>

    <config>
        <fields name="params">
            <fieldset name="basic">
                <field name="menutype" type="menu" label="MOD_MENU_FIELD_MENUTYPE_LABEL" description="MOD_MENU_FIELD_MENUTYPE_DESC" />
                <field name="startLevel" type="list" default="1" label="MOD_MENU_FIELD_STARTLEVEL_LABEL" description="MOD_MENU_FIELD_STARTLEVEL_DESC">
                    <option value="1">J1</option>
                    <option value="2">J2</option>
                    <option value="3">J3</option>
                    <option value="4">J4</option>
                    <option value="5">J5</option>
                    <option value="6">J6</option>
                    <option value="7">J7</option>
                    <option value="8">J8</option>
                    <option value="9">J9</option>
                    <option value="10">J10</option>
                </field>
                <field name="endLevel" type="list" default="0" label="MOD_MENU_FIELD_ENDLEVEL_LABEL" description="MOD_MENU_FIELD_ENDLEVEL_DESC">
                    <option value="0">JALL</option>
                    <option value="1">J1</option>
                    <option value="2">J2</option>
                    <option value="3">J3</option>
                    <option value="4">J4</option>
                    <option value="5">J5</option>
                    <option value="6">J6</option>
                    <option value="7">J7</option>
                    <option value="8">J8</option>
                    <option value="9">J9</option>
                    <option value="10">J10</option>
                </field>
            </fieldset>
            <fieldset
                name="advanced">
                <field name="tag_id" type="text" label="MOD_MENU_FIELD_TAG_ID_LABEL" description="MOD_MENU_FIELD_TAG_ID_DESC" />
                <field name="class_sfx" type="text" label="MOD_MENU_FIELD_CLASS_LABEL" description="MOD_MENU_FIELD_CLASS_DESC" />
                <field name="load_css" type="list" default="1" label="MOD_BOOTSTRAP_ACCORDIONMENU_FIELD_LOAD_CSS" description="MOD_BOOTSTRAP_ACCORDIONMENU_FIELD_LOAD_CSS_DESC">
                    <option value="1">JYES</option>
                    <option value="0">JNO</option>
                </field>
                <field name="load_js" type="list" default="1" label="MOD_BOOTSTRAP_ACCORDIONMENU_FIELD_LOAD_JS" description="MOD_BOOTSTRAP_ACCORDIONMENU_FIELD_LOAD_JS_DESC">
                    <option value="1">JYES</option>
                    <option value="0">JNO</option>
                </field>
                <field name="js_hover" type="list" default="0" label="MOD_BOOTSTRAP_ACCORDIONMENU_FIELD_JS_HOVER" description="MOD_BOOTSTRAP_ACCORDIONMENU_FIELD_JS_HOVER_DESC">
                    <option value="1">JYES</option>
                    <option value="0">JNO</option>
                </field>
                <field name="layout" type="modulelayout" label="JFIELD_ALT_LAYOUT_LABEL" description="JFIELD_ALT_MODULE_LAYOUT_DESC" />
                <field name="moduleclass_sfx" type="text" label="COM_MODULES_FIELD_MODULECLASS_SFX_LABEL" description="COM_MODULES_FIELD_MODULECLASS_SFX_DESC" />
                <field name="cache" type="list" default="1" label="COM_MODULES_FIELD_CACHING_LABEL" description="COM_MODULES_FIELD_CACHING_DESC">
                    <option value="1">JGLOBAL_USE_GLOBAL</option>
                    <option value="0">COM_MODULES_FIELD_VALUE_NOCACHING</option>
                </field>
                <field name="cache_time" type="text" default="900" label="COM_MODULES_FIELD_CACHE_TIME_LABEL" description="COM_MODULES_FIELD_CACHE_TIME_DESC" />
                <field name="cachemode" type="hidden" default="itemid">
                   <option value="itemid"></option>
                </field>
            </fieldset>
        </fields>
    </config>

	<updateservers>
		<server type="extension" priority="1" name="mod_bootstrap_accordionmenu">http://www.yireo.com/updates/mod_bootstrap_accordionmenu.xml</server>
	</updateservers>
</extension>
